"indicator","measure","Unit","Date","Value"
"Agriculture","N'Million","N'million","2015Q1","466381.34101969"
"Agriculture","N'Million","N'million","2015Q2","484947.8044158"
"Agriculture","N'Million","N'million","2015Q3","469924.38344257"
"Agriculture","N'Million","N'million","2015Q4","449307.28689471"
"Agriculture","N'Million","N'million","2016Q1","485633.74120468"
"Agriculture","N'Million","N'million","2016Q2","480639.21542912"
"Agriculture","N'Million","N'million","2016Q3","491281.18349994"
"Agriculture","N'Million","N'million","2016Q4","525945.1918737"
"Agriculture","N'Million","N'million","2017Q1","556544.58633674"
"Agriculture","N'Million","N'million","2017Q2","501088.16417134"
"Agriculture","N'Million","N'million","2017Q3","491496.69"
"Agriculture","N'Million","N'million","2017Q4","528243.812673"
"Agriculture","N'Million","N'million","2018Q1","501673.77867752"
"Agriculture","N'Million","N'million","2018Q2","523075.99084569"
"Agriculture","N'Million","N'million","2018Q3","591784.18918612"
"Agriculture","Sectoral Share as a % of Total Credit","%","2015Q1","3.49163576857746"
"Agriculture","Sectoral Share as a % of Total Credit","%","2015Q2","3.61000850261838"
"Agriculture","Sectoral Share as a % of Total Credit","%","2015Q3","3.61094727051352"
"Agriculture","Sectoral Share as a % of Total Credit","%","2015Q4","3.43344223978675"
"Agriculture","Sectoral Share as a % of Total Credit","%","2016Q1","3.67692690434809"
"Agriculture","Sectoral Share as a % of Total Credit","%","2016Q2","3.09342330803984"
"Agriculture","Sectoral Share as a % of Total Credit","%","2016Q3","3.03539110263284"
"Agriculture","Sectoral Share as a % of Total Credit","%","2016Q4","3.26323680214264"
"Agriculture","Sectoral Share as a % of Total Credit","%","2017Q1","3.47786312642632"
"Agriculture","Sectoral Share as a % of Total Credit","%","2017Q2","3.18949688811574"
"Agriculture","Sectoral Share as a % of Total Credit","%","2017Q3","3.10576560224985"
"Agriculture","Sectoral Share as a % of Total Credit","%","2017Q4","3.35593306374967"
"Agriculture","Sectoral Share as a % of Total Credit","%","2018Q1","3.21487175372361"
"Agriculture","Sectoral Share as a % of Total Credit","%","2018Q2","3.40967501341521"
"Agriculture","Sectoral Share as a % of Total Credit","%","2018Q3","3.795932686991"
"Transportation & Storage","N'Million","N'million","2015Q1","458442.91101353"
"Transportation & Storage","N'Million","N'million","2015Q2","413138.37415603"
"Transportation & Storage","N'Million","N'million","2015Q3","420878.3291308"
"Transportation & Storage","N'Million","N'million","2015Q4","420608.69773237"
"Transportation & Storage","N'Million","N'million","2016Q1","389545.46145368"
"Transportation & Storage","N'Million","N'million","2016Q2","456889.25114382"
"Transportation & Storage","N'Million","N'million","2016Q3","459224.34109591"
"Transportation & Storage","N'Million","N'million","2016Q4","450755.68715679"
"Transportation & Storage","N'Million","N'million","2017Q1","431941.49160349"
"Transportation & Storage","N'Million","N'million","2017Q2","403147.52507338"
"Transportation & Storage","N'Million","N'million","2017Q3","373260.09"
"Transportation & Storage","N'Million","N'million","2017Q4","332087.49443932"
"Transportation & Storage","N'Million","N'million","2018Q1","291673.36243441"
"Transportation & Storage","N'Million","N'million","2018Q2","304446.48520245"
"Transportation & Storage","N'Million","N'million","2018Q3","311463.91844907"
"Transportation & Storage","Sectoral Share as a % of Total Credit","%","2015Q1","3.43220348920013"
"Transportation & Storage","Sectoral Share as a % of Total Credit","%","2015Q2","3.07545065650494"
"Transportation & Storage","Sectoral Share as a % of Total Credit","%","2015Q3","3.23407234725645"
"Transportation & Storage","Sectoral Share as a % of Total Credit","%","2015Q4","3.21413809955509"
"Transportation & Storage","Sectoral Share as a % of Total Credit","%","2016Q1","2.94940418293968"
"Transportation & Storage","Sectoral Share as a % of Total Credit","%","2016Q2","2.94056708922368"
"Transportation & Storage","Sectoral Share as a % of Total Credit","%","2016Q3","2.83732722907171"
"Transportation & Storage","Sectoral Share as a % of Total Credit","%","2016Q4","2.79672211065361"
"Transportation & Storage","Sectoral Share as a % of Total Credit","%","2017Q1","2.69921480381165"
"Transportation & Storage","Sectoral Share as a % of Total Credit","%","2017Q2","2.56609089699719"
"Transportation & Storage","Sectoral Share as a % of Total Credit","%","2017Q3","2.35862900361482"
"Transportation & Storage","Sectoral Share as a % of Total Credit","%","2017Q4","2.10975192876814"
"Transportation & Storage","Sectoral Share as a % of Total Credit","%","2018Q1","1.86912789557361"
"Transportation & Storage","Sectoral Share as a % of Total Credit","%","2018Q2","1.98453683916667"
"Transportation & Storage","Sectoral Share as a % of Total Credit","%","2018Q3","1.99785004476908"
"Finance, Insurance and Capital Market","N'Million","N'million","2015Q1","757275.46617036"
"Finance, Insurance and Capital Market","N'Million","N'million","2015Q2","811924.98920004"
"Finance, Insurance and Capital Market","N'Million","N'million","2015Q3","790241.68370013"
"Finance, Insurance and Capital Market","N'Million","N'million","2015Q4","791381.9606867"
"Finance, Insurance and Capital Market","N'Million","N'million","2016Q1","763054.67064188"
"Finance, Insurance and Capital Market","N'Million","N'million","2016Q2","856276.90877179"
"Finance, Insurance and Capital Market","N'Million","N'million","2016Q3","933341.92879611"
"Finance, Insurance and Capital Market","N'Million","N'million","2016Q4","937424.49342918"
"Finance, Insurance and Capital Market","N'Million","N'million","2017Q1","943452.99923525"
"Finance, Insurance and Capital Market","N'Million","N'million","2017Q2","909862.88245346"
"Finance, Insurance and Capital Market","N'Million","N'million","2017Q3","916848.46"
"Finance, Insurance and Capital Market","N'Million","N'million","2017Q4","1125903.33311204"
"Finance, Insurance and Capital Market","N'Million","N'million","2018Q1","999491.89158305"
"Finance, Insurance and Capital Market","N'Million","N'million","2018Q2","991217.4311144"
"Finance, Insurance and Capital Market","N'Million","N'million","2018Q3","1056045.3618406"
"Finance, Insurance and Capital Market","Sectoral Share as a % of Total Credit","%","2015Q1","5.66945945685887"
"Finance, Insurance and Capital Market","Sectoral Share as a % of Total Credit","%","2015Q2","6.04406512991933"
"Finance, Insurance and Capital Market","Sectoral Share as a % of Total Credit","%","2015Q3","6.07229833425259"
"Finance, Insurance and Capital Market","Sectoral Share as a % of Total Credit","%","2015Q4","6.04745200196076"
"Finance, Insurance and Capital Market","Sectoral Share as a % of Total Credit","%","2016Q1","5.7773914988108"
"Finance, Insurance and Capital Market","Sectoral Share as a % of Total Credit","%","2016Q2","5.51105041515611"
"Finance, Insurance and Capital Market","Sectoral Share as a % of Total Credit","%","2016Q3","5.76667269484835"
"Finance, Insurance and Capital Market","Sectoral Share as a % of Total Credit","%","2016Q4","5.8162678420732"
"Finance, Insurance and Capital Market","Sectoral Share as a % of Total Credit","%","2017Q1","5.89566492624418"
"Finance, Insurance and Capital Market","Sectoral Share as a % of Total Credit","%","2017Q2","5.79140566410391"
"Finance, Insurance and Capital Market","Sectoral Share as a % of Total Credit","%","2017Q3","5.79356172173559"
"Finance, Insurance and Capital Market","Sectoral Share as a % of Total Credit","%","2017Q4","7.15286413494755"
"Finance, Insurance and Capital Market","Sectoral Share as a % of Total Credit","%","2018Q1","6.40503527769911"
"Finance, Insurance and Capital Market","Sectoral Share as a % of Total Credit","%","2018Q2","6.461258721258"
"Finance, Insurance and Capital Market","Sectoral Share as a % of Total Credit","%","2018Q3","6.77388342103074"
"Trade/General Commerce","N'Million","N'million","2015Q1","1250693.77732797"
"Trade/General Commerce","N'Million","N'million","2015Q2","1058732.10660125"
"Trade/General Commerce","N'Million","N'million","2015Q3","1029996.28681154"
"Trade/General Commerce","N'Million","N'million","2015Q4","985693.67361213"
"Trade/General Commerce","N'Million","N'million","2016Q1","950542.64119581"
"Trade/General Commerce","N'Million","N'million","2016Q2","1020014.60510231"
"Trade/General Commerce","N'Million","N'million","2016Q3","973006.5925262"
"Trade/General Commerce","N'Million","N'million","2016Q4","984899.20775123"
"Trade/General Commerce","N'Million","N'million","2017Q1","953092.55236604"
"Trade/General Commerce","N'Million","N'million","2017Q2","960049.10986001"
"Trade/General Commerce","N'Million","N'million","2017Q3","954231.99"
"Trade/General Commerce","N'Million","N'million","2017Q4","1023775.54395081"
"Trade/General Commerce","N'Million","N'million","2018Q1","1054005.65232474"
"Trade/General Commerce","N'Million","N'million","2018Q2","1044359.31358595"
"Trade/General Commerce","N'Million","N'million","2018Q3","1073709.56146714"
"Trade/General Commerce","Sectoral Share as a % of Total Credit","%","2015Q1","9.36351166817205"
"Trade/General Commerce","Sectoral Share as a % of Total Credit","%","2015Q2","7.88132634486272"
"Trade/General Commerce","Sectoral Share as a % of Total Credit","%","2015Q3","7.91459735129009"
"Trade/General Commerce","Sectoral Share as a % of Total Credit","%","2015Q4","7.53231116695318"
"Trade/General Commerce","Sectoral Share as a % of Total Credit","%","2016Q1","7.19693776316481"
"Trade/General Commerce","Sectoral Share as a % of Total Credit","%","2016Q2","6.56487621624344"
"Trade/General Commerce","Sectoral Share as a % of Total Credit","%","2016Q3","6.01174165213573"
"Trade/General Commerce","Sectoral Share as a % of Total Credit","%","2016Q4","6.11082559702673"
"Trade/General Commerce","Sectoral Share as a % of Total Credit","%","2017Q1","5.95590277099525"
"Trade/General Commerce","Sectoral Share as a % of Total Credit","%","2017Q2","6.11084808478884"
"Trade/General Commerce","Sectoral Share as a % of Total Credit","%","2017Q3","6.02978809706413"
"Trade/General Commerce","Sectoral Share as a % of Total Credit","%","2017Q4","6.50404626685074"
"Trade/General Commerce","Sectoral Share as a % of Total Credit","%","2018Q1","6.75437534099622"
"Trade/General Commerce","Sectoral Share as a % of Total Credit","%","2018Q2","6.80766450550387"
"Trade/General Commerce","Sectoral Share as a % of Total Credit","%","2018Q3","6.88718842981127"
"Contract Staff","Number","Number","2016Q1","22576"
"Contract Staff","Number","Number","2016Q2","21403"
"Contract Staff","Number","Number","2016Q3","23221"
"Contract Staff","Number","Number","2016Q4","20472"
"Contract Staff","Number","Number","2017Q1","20237"
"Contract Staff","Number","Number","2017Q2","21837"
"Contract Staff","Number","Number","2017Q3","27032"
"Contract Staff","Number","Number","2017Q4","32359"
"Contract Staff","Number","Number","2018Q1","32013"
"Contract Staff","Number","Number","2018Q2","43955"
"Contract Staff","Number","Number","2018Q3","44484"
"Junior Staff","Number","Number","2016Q1","37271"
"Junior Staff","Number","Number","2016Q2","35961"
"Junior Staff","Number","Number","2016Q3","37822"
"Junior Staff","Number","Number","2016Q4","36502"
"Junior Staff","Number","Number","2017Q1","36202"
"Junior Staff","Number","Number","2017Q2","33783"
"Junior Staff","Number","Number","2017Q3","35191"
"Junior Staff","Number","Number","2017Q4","41338"
"Junior Staff","Number","Number","2018Q1","40444"
"Junior Staff","Number","Number","2018Q2","40549"
"Junior Staff","Number","Number","2018Q3","40395"
"Senior Staff","Number","Number","2016Q1","21099"
"Senior Staff","Number","Number","2016Q2","20994"
"Senior Staff","Number","Number","2016Q3","21314"
"Senior Staff","Number","Number","2016Q4","20532"
"Senior Staff","Number","Number","2017Q1","20483"
"Senior Staff","Number","Number","2017Q2","19826"
"Senior Staff","Number","Number","2017Q3","20420"
"Senior Staff","Number","Number","2017Q4","16568"
"Senior Staff","Number","Number","2018Q1","16941"
"Senior Staff","Number","Number","2018Q2","17144"
"Senior Staff","Number","Number","2018Q3","17729"
"Executive Staff","Number","Number","2016Q1","176"
"Executive Staff","Number","Number","2016Q2","175"
"Executive Staff","Number","Number","2016Q3","183"
"Executive Staff","Number","Number","2016Q4","184"
"Executive Staff","Number","Number","2017Q1","174"
"Executive Staff","Number","Number","2017Q2","161"
"Executive Staff","Number","Number","2017Q3","197"
"Executive Staff","Number","Number","2017Q4","188"
"Executive Staff","Number","Number","2018Q1","210"
"Executive Staff","Number","Number","2018Q2","210"
"Executive Staff","Number","Number","2018Q3","213"
"Demand Deposits","N'Million","N'million","2016M12","9451090.91972458"
"Demand Deposits","N'Million","N'million","2017M1","9352283.7860091"
"Demand Deposits","N'Million","N'million","2017M2","8445882.90901215"
"Demand Deposits","N'Million","N'million","2017M3","8573516.25748346"
"Demand Deposits","N'Million","N'million","2017M4","8209102.96613178"
"Demand Deposits","N'Million","N'million","2017M5","8736706.95408446"
"Demand Deposits","N'Million","N'million","2017M6","8713043.4816847"
"Demand Deposits","N'Million","N'million","2017M7","8878523.13592059"
"Demand Deposits","N'Million","N'million","2017M8","8367573.18844381"
"Demand Deposits","N'Million","N'million","2017M9","8628919.99655801"
"Demand Deposits","N'Million","N'million","2017M10","8929288.95090626"
"Demand Deposits","N'Million","N'million","2017M11","8561517.23917954"
"Demand Deposits","N'Million","N'million","2017M12","9253687.37180051"
"Demand Deposits","N'Million","N'million","2018M1","9323111.5436071"
"Demand Deposits","N'Million","N'million","2018M2","9283797.767853"
"Demand Deposits","N'Million","N'million","2018M3","9365598.17214587"
"Demand Deposits","N'Million","N'million","2018M4","9024972.01396113"
"Demand Deposits","N'Million","N'million","2018M5","9648791.06998502"
"Demand Deposits","N'Million","N'million","2018M6","9181207.683981"
"Demand Deposits","N'Million","N'million","2018M7","9199700.00438637"
"Demand Deposits","N'Million","N'million","2018M8","8906602.08261537"
"Demand Deposits","N'Million","N'million","2018M9","9074491.52824622"
"Private  Sector  Deposits at CBN","N'Million","N'million","2016M12","3249402.04146688"
"Private  Sector  Deposits at CBN","N'Million","N'million","2017M1","3149161.52682574"
"Private  Sector  Deposits at CBN","N'Million","N'million","2017M2","2195893.44684211"
"Private  Sector  Deposits at CBN","N'Million","N'million","2017M3","2421173.59437131"
"Private  Sector  Deposits at CBN","N'Million","N'million","2017M4","2067402.36529028"
"Private  Sector  Deposits at CBN","N'Million","N'million","2017M5","2506402.06276155"
"Private  Sector  Deposits at CBN","N'Million","N'million","2017M6","2573820.1411314"
"Private  Sector  Deposits at CBN","N'Million","N'million","2017M7","2605144.63621766"
"Private  Sector  Deposits at CBN","N'Million","N'million","2017M8","2287080.12303939"
"Private  Sector  Deposits at CBN","N'Million","N'million","2017M9","2625212.2914042"
"Private  Sector  Deposits at CBN","N'Million","N'million","2017M10","2900003.52321585"
"Private  Sector  Deposits at CBN","N'Million","N'million","2017M11","2812485.17421472"
"Private  Sector  Deposits at CBN","N'Million","N'million","2017M12","2834025.27592762"
"Private  Sector  Deposits at CBN","N'Million","N'million","2018M1","2915174.8918757"
"Private  Sector  Deposits at CBN","N'Million","N'million","2018M2","2671417.18278931"
"Private  Sector  Deposits at CBN","N'Million","N'million","2018M3","2779851.31342054"
"Private  Sector  Deposits at CBN","N'Million","N'million","2018M4","2455837.04859796"
"Private  Sector  Deposits at CBN","N'Million","N'million","2018M5","2945497.85917647"
"Private  Sector  Deposits at CBN","N'Million","N'million","2018M6","2970969.92948593"
"Private  Sector  Deposits at CBN","N'Million","N'million","2018M7","2931752.1114325"
"Private  Sector  Deposits at CBN","N'Million","N'million","2018M8","2878219.35209758"
"Private  Sector  Deposits at CBN","N'Million","N'million","2018M9","2756214.09234746"
"Private  Sector  Deposits at Commercial Banks","N'Million","N'million","2016M12","6180040.99043221"
"Private  Sector  Deposits at Commercial Banks","N'Million","N'million","2017M1","6184750.21285975"
"Private  Sector  Deposits at Commercial Banks","N'Million","N'million","2017M2","6226159.58257756"
"Private  Sector  Deposits at Commercial Banks","N'Million","N'million","2017M3","6131004.79158195"
"Private  Sector  Deposits at Commercial Banks","N'Million","N'million","2017M4","6113534.64431935"
"Private  Sector  Deposits at Commercial Banks","N'Million","N'million","2017M5","6202853.38647064"
"Private  Sector  Deposits at Commercial Banks","N'Million","N'million","2017M6","6114454.21304511"
"Private  Sector  Deposits at Commercial Banks","N'Million","N'million","2017M7","6247376.05771017"
"Private  Sector  Deposits at Commercial Banks","N'Million","N'million","2017M8","6060294.27016942"
"Private  Sector  Deposits at Commercial Banks","N'Million","N'million","2017M9","5980534.48876152"
"Private  Sector  Deposits at Commercial Banks","N'Million","N'million","2017M10","5998087.73822553"
"Private  Sector  Deposits at Commercial Banks","N'Million","N'million","2017M11","5725489.40076996"
"Private  Sector  Deposits at Commercial Banks","N'Million","N'million","2017M12","6388651.33278463"
"Private  Sector  Deposits at Commercial Banks","N'Million","N'million","2018M1","6370930.70882265"
"Private  Sector  Deposits at Commercial Banks","N'Million","N'million","2018M2","6586803.37001169"
"Private  Sector  Deposits at Commercial Banks","N'Million","N'million","2018M3","6567434.40967813"
"Private  Sector  Deposits at Commercial Banks","N'Million","N'million","2018M4","6546338.78764465"
"Private  Sector  Deposits at Commercial Banks","N'Million","N'million","2018M5","6688088.16180274"
"Private  Sector  Deposits at Commercial Banks","N'Million","N'million","2018M6","6185622.74756567"
"Private  Sector  Deposits at Commercial Banks","N'Million","N'million","2018M7","6239070.66202575"
"Private  Sector  Deposits at Commercial Banks","N'Million","N'million","2018M8","5999206.76884916"
"Private  Sector  Deposits at Commercial Banks","N'Million","N'million","2018M9","6296863.88324507"
"Private  Sector  Deposits at Merchant Banks","N'Million","N'million","2016M12","21647.88782549"
"Private  Sector  Deposits at Merchant Banks","N'Million","N'million","2017M1","18372.04632361"
"Private  Sector  Deposits at Merchant Banks","N'Million","N'million","2017M2","23829.87959248"
"Private  Sector  Deposits at Merchant Banks","N'Million","N'million","2017M3","21337.8715302"
"Private  Sector  Deposits at Merchant Banks","N'Million","N'million","2017M4","28165.95652215"
"Private  Sector  Deposits at Merchant Banks","N'Million","N'million","2017M5","27451.50485227"
"Private  Sector  Deposits at Merchant Banks","N'Million","N'million","2017M6","24769.12750819"
"Private  Sector  Deposits at Merchant Banks","N'Million","N'million","2017M7","26002.44199276"
"Private  Sector  Deposits at Merchant Banks","N'Million","N'million","2017M8","20198.795235"
"Private  Sector  Deposits at Merchant Banks","N'Million","N'million","2017M9","23173.21639229"
"Private  Sector  Deposits at Merchant Banks","N'Million","N'million","2017M10","31197.68946488"
"Private  Sector  Deposits at Merchant Banks","N'Million","N'million","2017M11","23542.66419486"
"Private  Sector  Deposits at Merchant Banks","N'Million","N'million","2017M12","31010.76308826"
"Private  Sector  Deposits at Merchant Banks","N'Million","N'million","2018M1","37005.94290875"
"Private  Sector  Deposits at Merchant Banks","N'Million","N'million","2018M2","25577.215052"
"Private  Sector  Deposits at Merchant Banks","N'Million","N'million","2018M3","18312.4490472"
"Private  Sector  Deposits at Merchant Banks","N'Million","N'million","2018M4","22796.17771852"
"Private  Sector  Deposits at Merchant Banks","N'Million","N'million","2018M5","15205.04900581"
"Private  Sector  Deposits at Merchant Banks","N'Million","N'million","2018M6","24615.0069294"
"Private  Sector  Deposits at Merchant Banks","N'Million","N'million","2018M7","28877.23092812"
"Private  Sector  Deposits at Merchant Banks","N'Million","N'million","2018M8","29175.96166863"
"Private  Sector  Deposits at Merchant Banks","N'Million","N'million","2018M9","21413.55265369"
"Private  Sector  Deposits at Non Interest Banks","N'Million","N'million","2016M12","0"
"Private  Sector  Deposits at Non Interest Banks","N'Million","N'million","2017M1","0"
"Private  Sector  Deposits at Non Interest Banks","N'Million","N'million","2017M2","0"
"Private  Sector  Deposits at Non Interest Banks","N'Million","N'million","2017M3","0"
"Private  Sector  Deposits at Non Interest Banks","N'Million","N'million","2017M4","0"
"Private  Sector  Deposits at Non Interest Banks","N'Million","N'million","2017M5","0"
"Private  Sector  Deposits at Non Interest Banks","N'Million","N'million","2017M6","0"
"Private  Sector  Deposits at Non Interest Banks","N'Million","N'million","2017M7","0"
"Private  Sector  Deposits at Non Interest Banks","N'Million","N'million","2017M8","0"
"Private  Sector  Deposits at Non Interest Banks","N'Million","N'million","2017M9","0"
"Private  Sector  Deposits at Non Interest Banks","N'Million","N'million","2017M10","0"
"Private  Sector  Deposits at Non Interest Banks","N'Million","N'million","2017M11","0"
"Private  Sector  Deposits at Non Interest Banks","N'Million","N'million","2017M12","0"
"Private  Sector  Deposits at Non Interest Banks","N'Million","N'million","2018M1","0"
"Private  Sector  Deposits at Non Interest Banks","N'Million","N'million","2018M2","0"
"Private  Sector  Deposits at Non Interest Banks","N'Million","N'million","2018M3","0"
"Private  Sector  Deposits at Non Interest Banks","N'Million","N'million","2018M4","0"
"Private  Sector  Deposits at Non Interest Banks","N'Million","N'million","2018M5","0"
"Private  Sector  Deposits at Non Interest Banks","N'Million","N'million","2018M6","0"
"Private  Sector  Deposits at Non Interest Banks","N'Million","N'million","2018M7","0"
"Private  Sector  Deposits at Non Interest Banks","N'Million","N'million","2018M8","0"
"Private  Sector  Deposits at Non Interest Banks","N'Million","N'million","2018M9","0"
"Time and Savings Deposits of:","N'Million","N'million","2016M12","12269942.0959041"
"Time and Savings Deposits of:","N'Million","N'million","2017M1","12113228.0231153"
"Time and Savings Deposits of:","N'Million","N'million","2017M2","12153000.3393772"
"Time and Savings Deposits of:","N'Million","N'million","2017M3","12069736.253283"
"Time and Savings Deposits of:","N'Million","N'million","2017M4","11952561.6366758"
"Time and Savings Deposits of:","N'Million","N'million","2017M5","11790439.2553184"
"Time and Savings Deposits of:","N'Million","N'million","2017M6","11790391.4351193"
"Time and Savings Deposits of:","N'Million","N'million","2017M7","11874338.0266475"
"Time and Savings Deposits of:","N'Million","N'million","2017M8","11960641.2156944"
"Time and Savings Deposits of:","N'Million","N'million","2017M9","11889745.6530273"
"Time and Savings Deposits of:","N'Million","N'million","2017M10","12107555.5202882"
"Time and Savings Deposits of:","N'Million","N'million","2017M11","12196067.7102314"
"Time and Savings Deposits of:","N'Million","N'million","2017M12","12965060.2423763"
"Time and Savings Deposits of:","N'Million","N'million","2018M1","12979143.9575716"
"Time and Savings Deposits of:","N'Million","N'million","2018M2","13213993.7590252"
"Time and Savings Deposits of:","N'Million","N'million","2018M3","13317617.7624127"
"Time and Savings Deposits of:","N'Million","N'million","2018M4","13776804.2754028"
"Time and Savings Deposits of:","N'Million","N'million","2018M5","13867923.7907513"
"Time and Savings Deposits of:","N'Million","N'million","2018M6","14034444.1767695"
"Time and Savings Deposits of:","N'Million","N'million","2018M7","14230292.9337591"
"Time and Savings Deposits of:","N'Million","N'million","2018M8","14335306.069448"
"Time and Savings Deposits of:","N'Million","N'million","2018M9","14523344.7014781"
"Commercial Banks","N'Million","N'million","2016M12","12096630.6918383"
"Commercial Banks","N'Million","N'million","2017M1","11895030.1851036"
"Commercial Banks","N'Million","N'million","2017M2","11942539.7053256"
"Commercial Banks","N'Million","N'million","2017M3","11832687.6147925"
"Commercial Banks","N'Million","N'million","2017M4","11709423.1933365"
"Commercial Banks","N'Million","N'million","2017M5","11530883.2378924"
"Commercial Banks","N'Million","N'million","2017M6","11544873.8494827"
"Commercial Banks","N'Million","N'million","2017M7","11616882.3853287"
"Commercial Banks","N'Million","N'million","2017M8","11709057.1502344"
"Commercial Banks","N'Million","N'million","2017M9","11634218.8665556"
"Commercial Banks","N'Million","N'million","2017M10","11829264.6918039"
"Commercial Banks","N'Million","N'million","2017M11","11927016.785425"
"Commercial Banks","N'Million","N'million","2017M12","12690039.8069745"
"Commercial Banks","N'Million","N'million","2018M1","12755006.7739888"
"Commercial Banks","N'Million","N'million","2018M2","12952473.1842536"
"Commercial Banks","N'Million","N'million","2018M3","13032466.3953775"
"Commercial Banks","N'Million","N'million","2018M4","13468719.5211482"
"Commercial Banks","N'Million","N'million","2018M5","13553866.6730419"
"Commercial Banks","N'Million","N'million","2018M6","13748929.0355312"
"Commercial Banks","N'Million","N'million","2018M7","13946399.625102"
"Commercial Banks","N'Million","N'million","2018M8","14030024.4462433"
"Commercial Banks","N'Million","N'million","2018M9","14226764.3751203"
"Of Which: Foreign Currency Deposit","N'Million","N'million","2016M12","4159884.81317899"
"Of Which: Foreign Currency Deposit","N'Million","N'million","2017M1","4099382.84120303"
"Of Which: Foreign Currency Deposit","N'Million","N'million","2017M2","4193548.31602648"
"Of Which: Foreign Currency Deposit","N'Million","N'million","2017M3","3866280.41663996"
"Of Which: Foreign Currency Deposit","N'Million","N'million","2017M4","3857728.58385757"
"Of Which: Foreign Currency Deposit","N'Million","N'million","2017M5","4215251.30993877"
"Of Which: Foreign Currency Deposit","N'Million","N'million","2017M6","4135410.26616704"
"Of Which: Foreign Currency Deposit","N'Million","N'million","2017M7","4189549.95553279"
"Of Which: Foreign Currency Deposit","N'Million","N'million","2017M8","4154677.49654385"
"Of Which: Foreign Currency Deposit","N'Million","N'million","2017M9","3997041.17115666"
"Of Which: Foreign Currency Deposit","N'Million","N'million","2017M10","4135602.4240319"
"Of Which: Foreign Currency Deposit","N'Million","N'million","2017M11","4086295.64809807"
"Of Which: Foreign Currency Deposit","N'Million","N'million","2017M12","4344007.20008591"
"Of Which: Foreign Currency Deposit","N'Million","N'million","2018M1","4392315.62435249"
"Of Which: Foreign Currency Deposit","N'Million","N'million","2018M2","4493762.36116547"
"Of Which: Foreign Currency Deposit","N'Million","N'million","2018M3","4547203.73424286"
"Of Which: Foreign Currency Deposit","N'Million","N'million","2018M4","4753427.54213266"
"Of Which: Foreign Currency Deposit","N'Million","N'million","2018M5","4694000.52045113"
"Of Which: Foreign Currency Deposit","N'Million","N'million","2018M6","4797321.22336884"
"Of Which: Foreign Currency Deposit","N'Million","N'million","2018M7","4972606.09030585"
"Of Which: Foreign Currency Deposit","N'Million","N'million","2018M8","4871251.65316531"
"Of Which: Foreign Currency Deposit","N'Million","N'million","2018M9","5011919.46163369"
"Merchant Banks","N'Million","N'million","2016M12","173311.40406581"
"Merchant Banks","N'Million","N'million","2017M1","165337.79630066"
"Merchant Banks","N'Million","N'million","2017M2","154367.82770165"
"Merchant Banks","N'Million","N'million","2017M3","175069.07885923"
"Merchant Banks","N'Million","N'million","2017M4","180342.98965233"
"Merchant Banks","N'Million","N'million","2017M5","197598.77555902"
"Merchant Banks","N'Million","N'million","2017M6","187260.52377863"
"Merchant Banks","N'Million","N'million","2017M7","199618.68739474"
"Merchant Banks","N'Million","N'million","2017M8","192233.85232398"
"Merchant Banks","N'Million","N'million","2017M9","199011.52583065"
"Merchant Banks","N'Million","N'million","2017M10","219566.56153128"
"Merchant Banks","N'Million","N'million","2017M11","205757.22506745"
"Merchant Banks","N'Million","N'million","2017M12","206905.1790218"
"Merchant Banks","N'Million","N'million","2018M1","224137.18358284"
"Merchant Banks","N'Million","N'million","2018M2","261520.57477164"
"Merchant Banks","N'Million","N'million","2018M3","285151.36703516"
"Merchant Banks","N'Million","N'million","2018M4","308084.75425465"
"Merchant Banks","N'Million","N'million","2018M5","314057.11770933"
"Merchant Banks","N'Million","N'million","2018M6","285515.14123825"
"Merchant Banks","N'Million","N'million","2018M7","283893.30865713"
"Merchant Banks","N'Million","N'million","2018M8","305281.62320472"
"Merchant Banks","N'Million","N'million","2018M9","296580.32635778"
"Of Which: Foreign Currency Deposit","N'Million","N'million","2016M12","9518.74976632"
"Of Which: Foreign Currency Deposit","N'Million","N'million","2017M1","9804.10043783"
"Of Which: Foreign Currency Deposit","N'Million","N'million","2017M2","10089.55022282"
"Of Which: Foreign Currency Deposit","N'Million","N'million","2017M3","11106.76249595"
"Of Which: Foreign Currency Deposit","N'Million","N'million","2017M4","13439.71246575"
"Of Which: Foreign Currency Deposit","N'Million","N'million","2017M5","21268.50090069"
"Of Which: Foreign Currency Deposit","N'Million","N'million","2017M6","20872.93620605"
"Of Which: Foreign Currency Deposit","N'Million","N'million","2017M7","19225.67958447"
"Of Which: Foreign Currency Deposit","N'Million","N'million","2017M8","14539.43122724"
"Of Which: Foreign Currency Deposit","N'Million","N'million","2017M9","21871.62141321"
"Of Which: Foreign Currency Deposit","N'Million","N'million","2017M10","20804.53266897"
"Of Which: Foreign Currency Deposit","N'Million","N'million","2017M11","15048.73535568"
"Of Which: Foreign Currency Deposit","N'Million","N'million","2017M12","7844.80825721"
"Of Which: Foreign Currency Deposit","N'Million","N'million","2018M1","7090.19791434"
"Of Which: Foreign Currency Deposit","N'Million","N'million","2018M2","14661.73979077"
"Of Which: Foreign Currency Deposit","N'Million","N'million","2018M3","17575.54318761"
"Of Which: Foreign Currency Deposit","N'Million","N'million","2018M4","23976.99130981"
"Of Which: Foreign Currency Deposit","N'Million","N'million","2018M5","23543.72766884"
"Of Which: Foreign Currency Deposit","N'Million","N'million","2018M6","19812.71483087"
"Of Which: Foreign Currency Deposit","N'Million","N'million","2018M7","19076.44429109"
"Of Which: Foreign Currency Deposit","N'Million","N'million","2018M8","20594.62437759"
"Of Which: Foreign Currency Deposit","N'Million","N'million","2018M9","34296.21097412"
"Other  Private  Sector  Deposits at Non Interest Banks","N'Million","N'million","2016M12","50283.658"
"Other  Private  Sector  Deposits at Non Interest Banks","N'Million","N'million","2017M1","52860.041711"
"Other  Private  Sector  Deposits at Non Interest Banks","N'Million","N'million","2017M2","56092.80635"
"Other  Private  Sector  Deposits at Non Interest Banks","N'Million","N'million","2017M3","61979.55963123"
"Other  Private  Sector  Deposits at Non Interest Banks","N'Million","N'million","2017M4","62795.453687"
"Other  Private  Sector  Deposits at Non Interest Banks","N'Million","N'million","2017M5","61957.241867"
"Other  Private  Sector  Deposits at Non Interest Banks","N'Million","N'million","2017M6","58257.061858"
"Other  Private  Sector  Deposits at Non Interest Banks","N'Million","N'million","2017M7","57836.953924"
"Other  Private  Sector  Deposits at Non Interest Banks","N'Million","N'million","2017M8","59350.213136"
"Other  Private  Sector  Deposits at Non Interest Banks","N'Million","N'million","2017M9","56515.260641"
"Other  Private  Sector  Deposits at Non Interest Banks","N'Million","N'million","2017M10","58724.266953"
"Other  Private  Sector  Deposits at Non Interest Banks","N'Million","N'million","2017M11","63293.699739"
"Other  Private  Sector  Deposits at Non Interest Banks","N'Million","N'million","2017M12","68115.25638"
"Other  Private  Sector  Deposits at Non Interest Banks","N'Million","N'million","2018M1","72827.99533"
"Other  Private  Sector  Deposits at Non Interest Banks","N'Million","N'million","2018M2","74236.758096"
"Other  Private  Sector  Deposits at Non Interest Banks","N'Million","N'million","2018M3","72827.99533"
"Other  Private  Sector  Deposits at Non Interest Banks","N'Million","N'million","2018M4","73201.60552313"
"Other  Private  Sector  Deposits at Non Interest Banks","N'Million","N'million","2018M5","74777.306713"
"Other  Private  Sector  Deposits at Non Interest Banks","N'Million","N'million","2018M6","78450.335944"
"Other  Private  Sector  Deposits at Non Interest Banks","N'Million","N'million","2018M7","72806.92187303"
"Other  Private  Sector  Deposits at Non Interest Banks","N'Million","N'million","2018M8","75883.57036804"
"Other  Private  Sector  Deposits at Non Interest Banks","N'Million","N'million","2018M9","72232.69793645"
"Of Which: Foreign Currency Deposit","N'Million","N'million","2016M12","728.860608"
"Of Which: Foreign Currency Deposit","N'Million","N'million","2017M1","868.944356"
"Of Which: Foreign Currency Deposit","N'Million","N'million","2017M2","1068.42966"
"Of Which: Foreign Currency Deposit","N'Million","N'million","2017M3","2191.68823823"
"Of Which: Foreign Currency Deposit","N'Million","N'million","2017M4","3001.837201"
"Of Which: Foreign Currency Deposit","N'Million","N'million","2017M5","3097.566203"
"Of Which: Foreign Currency Deposit","N'Million","N'million","2017M6","1527.934547"
"Of Which: Foreign Currency Deposit","N'Million","N'million","2017M7","1210.790343"
"Of Which: Foreign Currency Deposit","N'Million","N'million","2017M8","1239.383218"
"Of Which: Foreign Currency Deposit","N'Million","N'million","2017M9","1996.792924"
"Of Which: Foreign Currency Deposit","N'Million","N'million","2017M10","1372.97154447"
"Of Which: Foreign Currency Deposit","N'Million","N'million","2017M11","957.053812"
"Of Which: Foreign Currency Deposit","N'Million","N'million","2017M12","1126.097393"
"Of Which: Foreign Currency Deposit","N'Million","N'million","2018M1","1280.397008"
"Of Which: Foreign Currency Deposit","N'Million","N'million","2018M2","1311.572269"
"Of Which: Foreign Currency Deposit","N'Million","N'million","2018M3","1280.397008"
"Of Which: Foreign Currency Deposit","N'Million","N'million","2018M4","1833.919408"
"Of Which: Foreign Currency Deposit","N'Million","N'million","2018M5","1651.587888"
"Of Which: Foreign Currency Deposit","N'Million","N'million","2018M6","1771.254607"
"Of Which: Foreign Currency Deposit","N'Million","N'million","2018M7","1643.75427464"
"Of Which: Foreign Currency Deposit","N'Million","N'million","2018M8","3040.46160527"
"Of Which: Foreign Currency Deposit","N'Million","N'million","2018M9","1807.34464674"
"DOMESTIC CREDIT  (NET)","N'Million","N'million","2016M1","22358143.3206866"
"DOMESTIC CREDIT  (NET)","N'Million","N'million","2016M2","22568685.7066766"
"DOMESTIC CREDIT  (NET)","N'Million","N'million","2016M3","22664815.7444543"
"DOMESTIC CREDIT  (NET)","N'Million","N'million","2016M4","23312346.1749731"
"DOMESTIC CREDIT  (NET)","N'Million","N'million","2016M5","23070907.7982969"
"DOMESTIC CREDIT  (NET)","N'Million","N'million","2016M6","24623626.7015489"
"DOMESTIC CREDIT  (NET)","N'Million","N'million","2016M7","25424599.1075017"
"DOMESTIC CREDIT  (NET)","N'Million","N'million","2016M8","26356276.2786974"
"DOMESTIC CREDIT  (NET)","N'Million","N'million","2016M9","26254660.9569664"
"DOMESTIC CREDIT  (NET)","N'Million","N'million","2016M10","26700723.5003827"
"DOMESTIC CREDIT  (NET)","N'Million","N'million","2016M11","26695865.7156067"
"DOMESTIC CREDIT  (NET)","N'Million","N'million","2016M12","26857719.3442872"
"DOMESTIC CREDIT  (NET)","N'Million","N'million","2017M1","26508030.422031"
"DOMESTIC CREDIT  (NET)","N'Million","N'million","2017M2","27209343.4296625"
"DOMESTIC CREDIT  (NET)","N'Million","N'million","2017M3","27675371.9434854"
"DOMESTIC CREDIT  (NET)","N'Million","N'million","2017M4","27514336.8557109"
"DOMESTIC CREDIT  (NET)","N'Million","N'million","2017M5","26836772.4652423"
"DOMESTIC CREDIT  (NET)","N'Million","N'million","2017M6","27236433.59655"
"DOMESTIC CREDIT  (NET)","N'Million","N'million","2017M7","28033384.604723"
"DOMESTIC CREDIT  (NET)","N'Million","N'million","2017M8","26821446.8143338"
"DOMESTIC CREDIT  (NET)","N'Million","N'million","2017M9","26985305.2107111"
"DOMESTIC CREDIT  (NET)","N'Million","N'million","2017M10","27174805.8085427"
"DOMESTIC CREDIT  (NET)","N'Million","N'million","2017M11","26349068.5369904"
"DOMESTIC CREDIT  (NET)","N'Million","N'million","2017M12","25863280.6123784"
"DOMESTIC CREDIT  (NET)","N'Million","N'million","2018M1","25964493.1130698"
"DOMESTIC CREDIT  (NET)","N'Million","N'million","2018M2","27097901.6466561"
"DOMESTIC CREDIT  (NET)","N'Million","N'million","2018M3","26440662.0518621"
"DOMESTIC CREDIT  (NET)","N'Million","N'million","2018M4","27262815.6013486"
"DOMESTIC CREDIT  (NET)","N'Million","N'million","2018M5","25235877.1227999"
"DOMESTIC CREDIT  (NET)","N'Million","N'million","2018M6","25086874.7329426"
"DOMESTIC CREDIT  (NET)","N'Million","N'million","2018M7","25497325.3504619"
"DOMESTIC CREDIT  (NET)","N'Million","N'million","2018M8","24691470.0461025"
"DOMESTIC CREDIT  (NET)","N'Million","N'million","2018M9","25971816.5251507"
"Claims on Federal Government (Net)","N'Million","N'million","2016M1","3417394.76167989"
"Claims on Federal Government (Net)","N'Million","N'million","2016M2","3516381.23128261"
"Claims on Federal Government (Net)","N'Million","N'million","2016M3","3781378.7077112"
"Claims on Federal Government (Net)","N'Million","N'million","2016M4","3932580.40000215"
"Claims on Federal Government (Net)","N'Million","N'million","2016M5","4031554.39777762"
"Claims on Federal Government (Net)","N'Million","N'million","2016M6","3171443.45026265"
"Claims on Federal Government (Net)","N'Million","N'million","2016M7","3004853.09239869"
"Claims on Federal Government (Net)","N'Million","N'million","2016M8","3550157.11873947"
"Claims on Federal Government (Net)","N'Million","N'million","2016M9","3514975.11760515"
"Claims on Federal Government (Net)","N'Million","N'million","2016M10","3520265.44432444"
"Claims on Federal Government (Net)","N'Million","N'million","2016M11","3579216.77051378"
"Claims on Federal Government (Net)","N'Million","N'million","2016M12","4875570.3025306"
"Claims on Federal Government (Net)","N'Million","N'million","2017M1","4629967.24193824"
"Claims on Federal Government (Net)","N'Million","N'million","2017M2","4977649.78499603"
"Claims on Federal Government (Net)","N'Million","N'million","2017M3","5303542.02237365"
"Claims on Federal Government (Net)","N'Million","N'million","2017M4","5270202.59499175"
"Claims on Federal Government (Net)","N'Million","N'million","2017M5","4811650.01296515"
"Claims on Federal Government (Net)","N'Million","N'million","2017M6","5250486.41168563"
"Claims on Federal Government (Net)","N'Million","N'million","2017M7","5861018.00104646"
"Claims on Federal Government (Net)","N'Million","N'million","2017M8","4824226.22313773"
"Claims on Federal Government (Net)","N'Million","N'million","2017M9","4963406.01986233"
"Claims on Federal Government (Net)","N'Million","N'million","2017M10","5245888.60062185"
"Claims on Federal Government (Net)","N'Million","N'million","2017M11","4392408.33413064"
"Claims on Federal Government (Net)","N'Million","N'million","2017M12","3574029.07658398"
"Claims on Federal Government (Net)","N'Million","N'million","2018M1","3971062.07073193"
"Claims on Federal Government (Net)","N'Million","N'million","2018M2","4596990.1623916"
"Claims on Federal Government (Net)","N'Million","N'million","2018M3","4077433.87023405"
"Claims on Federal Government (Net)","N'Million","N'million","2018M4","4986326.81075316"
"Claims on Federal Government (Net)","N'Million","N'million","2018M5","3029133.20799436"
"Claims on Federal Government (Net)","N'Million","N'million","2018M6","2805008.20596777"
"Claims on Federal Government (Net)","N'Million","N'million","2018M7","3236115.47753023"
"Claims on Federal Government (Net)","N'Million","N'million","2018M8","2221228.2577456"
"Claims on Federal Government (Net)","N'Million","N'million","2018M9","3411345.96902404"
"By   Monetary  Authorities","N'Million","N'million","2016M1","-1388814.54905104"
"By   Monetary  Authorities","N'Million","N'million","2016M2","-1342344.52082675"
"By   Monetary  Authorities","N'Million","N'million","2016M3","-850708.75023722"
"By   Monetary  Authorities","N'Million","N'million","2016M4","-621205.77298045"
"By   Monetary  Authorities","N'Million","N'million","2016M5","-356335.83646142"
"By   Monetary  Authorities","N'Million","N'million","2016M6","-1185761.66490349"
"By   Monetary  Authorities","N'Million","N'million","2016M7","-1466906.73358634"
"By   Monetary  Authorities","N'Million","N'million","2016M8","-1052875.69925931"
"By   Monetary  Authorities","N'Million","N'million","2016M9","-1275292.92559867"
"By   Monetary  Authorities","N'Million","N'million","2016M10","-1177917.58772068"
"By   Monetary  Authorities","N'Million","N'million","2016M11","-927906.111625941"
"By   Monetary  Authorities","N'Million","N'million","2016M12","109158.25216718"
"By   Monetary  Authorities","N'Million","N'million","2017M1","-383336.33744746"
"By   Monetary  Authorities","N'Million","N'million","2017M2","-274044.158952751"
"By   Monetary  Authorities","N'Million","N'million","2017M3","191425.87521442"
"By   Monetary  Authorities","N'Million","N'million","2017M4","492821.73030632"
"By   Monetary  Authorities","N'Million","N'million","2017M5","113807.97154846"
"By   Monetary  Authorities","N'Million","N'million","2017M6","232806.348609818"
"By   Monetary  Authorities","N'Million","N'million","2017M7","807403.25206743"
"By   Monetary  Authorities","N'Million","N'million","2017M8","-194244.331766319"
"By   Monetary  Authorities","N'Million","N'million","2017M9","-137860.107008641"
"By   Monetary  Authorities","N'Million","N'million","2017M10","-50343.6096286597"
"By   Monetary  Authorities","N'Million","N'million","2017M11","-558140.318586221"
"By   Monetary  Authorities","N'Million","N'million","2017M12","-420457.039836971"
"By   Monetary  Authorities","N'Million","N'million","2018M1","357586.011279581"
"By   Monetary  Authorities","N'Million","N'million","2018M2","864823.49081895"
"By   Monetary  Authorities","N'Million","N'million","2018M3","790612.94773855"
"By   Monetary  Authorities","N'Million","N'million","2018M4","1554120.15565073"
"By   Monetary  Authorities","N'Million","N'million","2018M5","-187110.03490699"
"By   Monetary  Authorities","N'Million","N'million","2018M6","-457922.566530609"
"By   Monetary  Authorities","N'Million","N'million","2018M7","10192.0531230802"
"By   Monetary  Authorities","N'Million","N'million","2018M8","-1042716.28316994"
"By   Monetary  Authorities","N'Million","N'million","2018M9","-91459.1078653289"
"By Commercial Banks","N'Million","N'million","2016M1","4657335.60103174"
"By Commercial Banks","N'Million","N'million","2016M2","4695150.85140573"
"By Commercial Banks","N'Million","N'million","2016M3","4472915.27952967"
"By Commercial Banks","N'Million","N'million","2016M4","4388104.10162524"
"By Commercial Banks","N'Million","N'million","2016M5","4231945.34235641"
"By Commercial Banks","N'Million","N'million","2016M6","4179939.11592566"
"By Commercial Banks","N'Million","N'million","2016M7","4264291.93912907"
"By Commercial Banks","N'Million","N'million","2016M8","4410524.90460913"
"By Commercial Banks","N'Million","N'million","2016M9","4569063.29926175"
"By Commercial Banks","N'Million","N'million","2016M10","4511080.3651563"
"By Commercial Banks","N'Million","N'million","2016M11","4324716.74155913"
"By Commercial Banks","N'Million","N'million","2016M12","4563266.38926577"
"By Commercial Banks","N'Million","N'million","2017M1","4834814.39473068"
"By Commercial Banks","N'Million","N'million","2017M2","5088609.78383239"
"By Commercial Banks","N'Million","N'million","2017M3","4909144.07114476"
"By Commercial Banks","N'Million","N'million","2017M4","4583632.33942129"
"By Commercial Banks","N'Million","N'million","2017M5","4495712.65289282"
"By Commercial Banks","N'Million","N'million","2017M6","4821703.05096624"
"By Commercial Banks","N'Million","N'million","2017M7","4857626.22423798"
"By Commercial Banks","N'Million","N'million","2017M8","4804079.93633079"
"By Commercial Banks","N'Million","N'million","2017M9","4857831.84239333"
"By Commercial Banks","N'Million","N'million","2017M10","5040052.21059709"
"By Commercial Banks","N'Million","N'million","2017M11","4716864.34096274"
"By Commercial Banks","N'Million","N'million","2017M12","3842802.34315671"
"By Commercial Banks","N'Million","N'million","2018M1","3357327.36641009"
"By Commercial Banks","N'Million","N'million","2018M2","3448011.49249242"
"By Commercial Banks","N'Million","N'million","2018M3","3087696.75140585"
"By Commercial Banks","N'Million","N'million","2018M4","3236320.69985193"
"By Commercial Banks","N'Million","N'million","2018M5","3091825.3563426"
"By Commercial Banks","N'Million","N'million","2018M6","3137584.54965616"
"By Commercial Banks","N'Million","N'million","2018M7","3114299.07959516"
"By Commercial Banks","N'Million","N'million","2018M8","3150174.1928676"
"By Commercial Banks","N'Million","N'million","2018M9","3376530.97479729"
"By Merchant Banks","N'Million","N'million","2016M1","148873.70969919"
"By Merchant Banks","N'Million","N'million","2016M2","163574.90070363"
"By Merchant Banks","N'Million","N'million","2016M3","159172.17841875"
"By Merchant Banks","N'Million","N'million","2016M4","165682.07135736"
"By Merchant Banks","N'Million","N'million","2016M5","155944.89188263"
"By Merchant Banks","N'Million","N'million","2016M6","177265.99924048"
"By Merchant Banks","N'Million","N'million","2016M7","207467.88685596"
"By Merchant Banks","N'Million","N'million","2016M8","192507.91338965"
"By Merchant Banks","N'Million","N'million","2016M9","221204.74394207"
"By Merchant Banks","N'Million","N'million","2016M10","187102.66688882"
"By Merchant Banks","N'Million","N'million","2016M11","182406.14058059"
"By Merchant Banks","N'Million","N'million","2016M12","203145.66109765"
"By Merchant Banks","N'Million","N'million","2017M1","178489.18465502"
"By Merchant Banks","N'Million","N'million","2017M2","163084.16011639"
"By Merchant Banks","N'Million","N'million","2017M3","202972.07601447"
"By Merchant Banks","N'Million","N'million","2017M4","193748.52526414"
"By Merchant Banks","N'Million","N'million","2017M5","202129.38852387"
"By Merchant Banks","N'Million","N'million","2017M6","195977.01210957"
"By Merchant Banks","N'Million","N'million","2017M7","195988.52474105"
"By Merchant Banks","N'Million","N'million","2017M8","214390.61857326"
"By Merchant Banks","N'Million","N'million","2017M9","243434.28447764"
"By Merchant Banks","N'Million","N'million","2017M10","256179.99965342"
"By Merchant Banks","N'Million","N'million","2017M11","233684.31175412"
"By Merchant Banks","N'Million","N'million","2017M12","151683.77326424"
"By Merchant Banks","N'Million","N'million","2018M1","256148.69304226"
"By Merchant Banks","N'Million","N'million","2018M2","284155.17908023"
"By Merchant Banks","N'Million","N'million","2018M3","199124.17108965"
"By Merchant Banks","N'Million","N'million","2018M4","195885.9552505"
"By Merchant Banks","N'Million","N'million","2018M5","124417.88655875"
"By Merchant Banks","N'Million","N'million","2018M6","125346.22284222"
"By Merchant Banks","N'Million","N'million","2018M7","111624.34481199"
"By Merchant Banks","N'Million","N'million","2018M8","113770.34804794"
"By Merchant Banks","N'Million","N'million","2018M9","126274.10209208"
"By  Non Interest Banks","N'Million","N'million","2016M1","0"
"By  Non Interest Banks","N'Million","N'million","2016M2","0"
"By  Non Interest Banks","N'Million","N'million","2016M3","0"
"By  Non Interest Banks","N'Million","N'million","2016M4","0"
"By  Non Interest Banks","N'Million","N'million","2016M5","0"
"By  Non Interest Banks","N'Million","N'million","2016M6","0"
"By  Non Interest Banks","N'Million","N'million","2016M7","0"
"By  Non Interest Banks","N'Million","N'million","2016M8","0"
"By  Non Interest Banks","N'Million","N'million","2016M9","0"
"By  Non Interest Banks","N'Million","N'million","2016M10","0"
"By  Non Interest Banks","N'Million","N'million","2016M11","0"
"By  Non Interest Banks","N'Million","N'million","2016M12","0"
"By  Non Interest Banks","N'Million","N'million","2017M1","0"
"By  Non Interest Banks","N'Million","N'million","2017M2","0"
"By  Non Interest Banks","N'Million","N'million","2017M3","0"
"By  Non Interest Banks","N'Million","N'million","2017M4","0"
"By  Non Interest Banks","N'Million","N'million","2017M5","0"
"By  Non Interest Banks","N'Million","N'million","2017M6","0"
"By  Non Interest Banks","N'Million","N'million","2017M7","0"
"By  Non Interest Banks","N'Million","N'million","2017M8","0"
"By  Non Interest Banks","N'Million","N'million","2017M9","0"
"By  Non Interest Banks","N'Million","N'million","2017M10","0"
"By  Non Interest Banks","N'Million","N'million","2017M11","0"
"By  Non Interest Banks","N'Million","N'million","2017M12","0"
"By  Non Interest Banks","N'Million","N'million","2018M1","0"
"By  Non Interest Banks","N'Million","N'million","2018M2","0"
"By  Non Interest Banks","N'Million","N'million","2018M3","0"
"By  Non Interest Banks","N'Million","N'million","2018M4","0"
"By  Non Interest Banks","N'Million","N'million","2018M5","0"
"By  Non Interest Banks","N'Million","N'million","2018M6","0"
"By  Non Interest Banks","N'Million","N'million","2018M7","0"
"By  Non Interest Banks","N'Million","N'million","2018M8","0"
"By  Non Interest Banks","N'Million","N'million","2018M9","0"
"Memo: Claims on Federal Government (net) less FMA","N'Million","N'million","2016M1","4814481.41185606"
"Memo: Claims on Federal Government (net) less FMA","N'Million","N'million","2016M2","4899956.16284371"
"Memo: Claims on Federal Government (net) less FMA","N'Million","N'million","2016M3","4990047.08522871"
"Memo: Claims on Federal Government (net) less FMA","N'Million","N'million","2016M4","5162041.89916434"
"Memo: Claims on Federal Government (net) less FMA","N'Million","N'million","2016M5","5334571.49232311"
"Memo: Claims on Federal Government (net) less FMA","N'Million","N'million","2016M6","5281575.98276083"
"Memo: Claims on Federal Government (net) less FMA","N'Million","N'million","2016M7","5237429.02072635"
"Memo: Claims on Federal Government (net) less FMA","N'Million","N'million","2016M8","5858573.88812199"
"Memo: Claims on Federal Government (net) less FMA","N'Million","N'million","2016M9","5982434.65914987"
"Memo: Claims on Federal Government (net) less FMA","N'Million","N'million","2016M10","6058148.70098"
"Memo: Claims on Federal Government (net) less FMA","N'Million","N'million","2016M11","5983894.99929803"
"Memo: Claims on Federal Government (net) less FMA","N'Million","N'million","2016M12","6930205.46069321"
"Memo: Claims on Federal Government (net) less FMA","N'Million","N'million","2017M1","6411045.68390198"
"Memo: Claims on Federal Government (net) less FMA","N'Million","N'million","2017M2","6534102.45677565"
"Memo: Claims on Federal Government (net) less FMA","N'Million","N'million","2017M3","6533018.61513801"
"Memo: Claims on Federal Government (net) less FMA","N'Million","N'million","2017M4","6863997.97534312"
"Memo: Claims on Federal Government (net) less FMA","N'Million","N'million","2017M5","6870456.31229754"
"Memo: Claims on Federal Government (net) less FMA","N'Million","N'million","2017M6","7295028.31896227"
"Memo: Claims on Federal Government (net) less FMA","N'Million","N'million","2017M7","7562425.08519015"
"Memo: Claims on Federal Government (net) less FMA","N'Million","N'million","2017M8","7834536.74443101"
"Memo: Claims on Federal Government (net) less FMA","N'Million","N'million","2017M9","7490403.9676353"
"Memo: Claims on Federal Government (net) less FMA","N'Million","N'million","2017M10","7635144.65600391"
"Memo: Claims on Federal Government (net) less FMA","N'Million","N'million","2017M11","7620193.13749256"
"Memo: Claims on Federal Government (net) less FMA","N'Million","N'million","2017M12","6268038.95855353"
"Memo: Claims on Federal Government (net) less FMA","N'Million","N'million","2018M1","6066209.72701827"
"Memo: Claims on Federal Government (net) less FMA","N'Million","N'million","2018M2","6205927.57356927"
"Memo: Claims on Federal Government (net) less FMA","N'Million","N'million","2018M3","5433209.43229418"
"Memo: Federation and Mirror Accounts (FMA)","N'Million","N'million","2016M1","-1397086.65017617"
"Memo: Federation and Mirror Accounts (FMA)","N'Million","N'million","2016M2","-1383574.9315611"
"Memo: Federation and Mirror Accounts (FMA)","N'Million","N'million","2016M3","-1208668.37751751"
"Memo: Federation and Mirror Accounts (FMA)","N'Million","N'million","2016M4","-1229461.49916219"
"Memo: Federation and Mirror Accounts (FMA)","N'Million","N'million","2016M5","-1303017.09454549"
"Memo: Federation and Mirror Accounts (FMA)","N'Million","N'million","2016M6","-2110132.53249818"
"Memo: Federation and Mirror Accounts (FMA)","N'Million","N'million","2016M7","-2232575.92832766"
"Memo: Federation and Mirror Accounts (FMA)","N'Million","N'million","2016M8","-2308416.76938252"
"Memo: Federation and Mirror Accounts (FMA)","N'Million","N'million","2016M9","-2467459.54154472"
"Memo: Federation and Mirror Accounts (FMA)","N'Million","N'million","2016M10","-2537883.25665556"
"Memo: Federation and Mirror Accounts (FMA)","N'Million","N'million","2016M11","-2404678.22878425"
"Memo: Federation and Mirror Accounts (FMA)","N'Million","N'million","2016M12","-2054635.15816261"
"Memo: Federation and Mirror Accounts (FMA)","N'Million","N'million","2017M1","-1781078.44196374"
"Memo: Federation and Mirror Accounts (FMA)","N'Million","N'million","2017M2","-1556452.67177962"
"Memo: Federation and Mirror Accounts (FMA)","N'Million","N'million","2017M3","-1229476.59276436"
"Memo: Federation and Mirror Accounts (FMA)","N'Million","N'million","2017M4","-1593795.38035137"
"Memo: Federation and Mirror Accounts (FMA)","N'Million","N'million","2017M5","-2058806.29933239"
"Memo: Federation and Mirror Accounts (FMA)","N'Million","N'million","2017M6","-2044541.90727664"
"Memo: Federation and Mirror Accounts (FMA)","N'Million","N'million","2017M7","-1701407.08414369"
"Memo: Federation and Mirror Accounts (FMA)","N'Million","N'million","2017M8","-3010310.52129328"
"Memo: Federation and Mirror Accounts (FMA)","N'Million","N'million","2017M9","-2526997.94777297"
"Memo: Federation and Mirror Accounts (FMA)","N'Million","N'million","2017M10","-2389256.05538206"
"Memo: Federation and Mirror Accounts (FMA)","N'Million","N'million","2017M11","-3227784.80336192"
"Memo: Federation and Mirror Accounts (FMA)","N'Million","N'million","2017M12","-2694009.88196955"
"Memo: Federation and Mirror Accounts (FMA)","N'Million","N'million","2018M1","-2208776.7839701"
"Memo: Federation and Mirror Accounts (FMA)","N'Million","N'million","2018M2","-1917614.15869248"
"Memo: Federation and Mirror Accounts (FMA)","N'Million","N'million","2018M3","-1609863.98367052"
